INSERT INTO seriado(cods, titulos) VALUES
    (0, ''),
    (1, 'Supernatural'),
    (2, 'Evil'),
    (3, 'The Office'),
    (4, 'Parks An Rec'),
    (5, 'The IT Crowd'),
    (6, 'Brooklyn 99'),
    (7, 'Mr Robot');


INSERT INTO lingua(codl, nomel) VALUES
    (1, 'Portugues'),
    (2, 'Ingles'),
    (3, 'Japones'),
    (4, 'Noruegues'),
    (5, 'Islandes');

INSERT INTO usuario(email, nome, datanasc, datavinc) VALUES
    ('thls.pndlph@gmail.com', 'Thales', '1992-12-01', '2019-06-01'),
    ('amanda.nascimento@gmail.com', 'Amanda', '1992-07-03','2019-09-02'),
    ('gilsane.mulazzani@hotmail.com', 'Gilsane', '1965-11-19', '2018-11-12'),
    ('samy.mp@hotmail.com', 'Samantha', '1994-11-11', '2019-04-03'),
    ('gringo@yahoo.com', 'Alderi', '1962-08-25', '2017-07-07'),
    ('nona@gmail.com', 'Emilia', '1932-05-05', '2019-11-08'),
    ('dmc5@gmail.com', 'Dante', '1992-06-06', '2019-09-21');


INSERT INTO videoepisodio(codv, titulov, pais, tempoduracao, anoprod, tipo, cods, temporada, nroepisodio) VALUES
    (1, 'PILOT', 'USA', 42, 2005, 'Terror', 1, 1, 1),
    (2, 'Hell', 'USA', 41, 2006, 'Terror', 1, 2, 1),
    (3, 'Heaven', 'USA', 44, 2007, 'Terror', 1, 3, 1),
    (4, 'PILOT', 'USA', 39, 2019, 'Suspense', 2, 1, 1),
    (5, 'Sigil', 'USA', 45, 2019, 'Suspense', 2, 1, 2),
    (6, 'Vatican', 'USA', 40, 2019, 'Suspense', 2, 1, 3),
    (7, 'PILOT', 'USA', 21, 2007, 'Comedia', 3, 1, 1),
    (8, 'Party', 'USA', 22, 2008, 'Comedia', 3, 2, 1),
    (9, 'Dundies', 'USA', 20, 2009, 'Comedia', 3, 3, 1),
    (10, 'PILOT', 'USA', 19, 2005, 'Comedia', 4, 1, 1),
    (11, 'Lil Sebastian', 'USA', 21, 2006, 'Comedia', 4, 2, 1),
    (12, 'Pawnee', 'USA', 20, 2007, 'Comedia', 4, 3, 1),
    (13, 'PILOT', 'UK', 20, 2003, 'Comedia', 5, 1, 1),
    (14, 'Internet', 'UK', 21, 2004, 'Comedia', 5, 2, 1),
    (15, 'End', 'UK', 21, 2005, 'Comedia', 5, 3, 1),
    (16, 'PILOT', 'USA', 21, 2011, 'Policial', 6, 1, 1),
    (17, 'Undercover', 'USA', 22, 2012, 'Policial', 6, 2, 1),
    (18, 'Undercover 2', 'USA', 20, 2013, 'Policial', 6, 3, 1),
    (19, 'Saving Private Ryan', 'USA', 50, 2015, 'War', , 0, 0),
    (20, 'Forrest Gump', 'USA', 49, 2016, 'Drama', 0, 0, 0),
    (21, 'Lord of the Rings', 'USA', 52, 2017, 'Adventure', 0, 0, 0);

INSERT INTO assistiu(codv, email, adata) VALUES
    (1, 'thls.pndlph@gmail.com','2019-11-28'),
    (10,'amanda.nascimento@gmail.com','2019-11-19'),
    (11, 'gilsane.mulazzani@hotmail.com', '2019-11-10'),
    (1 ,'samy.mp@hotmail.com','2019-10-09'),
    (2, 'gringo@yahoo.com','2019-10-11'),
    (17, 'nona@gmail.com', '2019-09-06'),
    (4, 'dmc5@gmail.com', '2019-12-01'),
    (17, 'thls.pndlph@gmail.com', '2019-11-25'),
    (18, 'amanda.nascimento@gmail.com', '2019-10-03'),
    (21, 'gilsane.mulazzani@hotmail.com', '2019-10-31'),
    (19, 'samy.mp@hotmail.com', '2019-11-11'),
    (16, 'gringo@yahoo.com', '2019-11-30'),
    (15, 'nona@gmail.com', '2019-11-15'),
    (7, 'dmc5@gmail.com', '2019-09-07'),
    (15, 'thls.pndlph@gmail.com', '2019-09-03'),
    (21, 'amanda.nascimento@gmail.com', '2019-09-21'),
    (19, 'gilsane.mulazzani@hotmail.com', '2019-08-15'),
    (12, 'samy.mp@hotmail.com', '2019-10-10'),
    (11, 'gringo@yahoo.com', '2019-09-18'),
    (5, 'nona@gmail.com', '2019-12-01'),
    (3, 'dmc5@gmail.com', '2019-09-21');

INSERT INTO dublagem(codv, codl) VALUES
    (1, 2),
    (2, 2),
    (3, 2),
    (4, 2),
    (5, 2),
    (6, 2),
    (7, 2),
    (8, 2),
    (9, 2),
    (10, 2),
    (11, 2),
    (12, 2),
    (13, 2),
    (14, 2),
    (15, 2),
    (16, 2),
    (17, 2),
    (18, 2),
    (19, 2),
    (20, 2),
    (21, 2);
    (1, 1),
    (2, 1),
    (3, 1),
    (4, 1),
    (5, 1),
    (6, 1),
    (7, 1),
    (8, 1),
    (9, 1),
    (10, 1),
    (11, 1),
    (12, 1),
    (13, 1),
    (14, 1),
    (15, 1),
    (16, 1),
    (17, 1),
    (18, 1),
    (19, 1),
    (20, 1),
    (21, 1),

INSERT INTO legenda(codv, codl) VALUES
    (1, 1),
    (2, 1),
    (3, 1),
    (4, 1),
    (5, 1),
    (6, 1),
    (7, 1),
    (8, 1),
    (9, 1),
    (10, 1),
    (11, 1),
    (12, 1),
    (13, 1),
    (14, 1),
    (15, 1),
    (16, 1),
    (17, 1),
    (18, 1),
    (19, 1),
    (20, 1),
    (21, 1),
    (1, 3),
    (2, 3),
    (3, 3),
    (4, 3),
    (5, 3),
    (6, 3),
    (7, 3),
    (8, 3),
    (9, 3),
    (10, 3),
    (11, 3),
    (12, 3),
    (13, 3),
    (14, 3),
    (15, 3),
    (16, 3),
    (17, 3),
    (18, 3),
    (19, 3),
    (20, 3),
    (21, 3);